acceptance rate,gt in support,iw var,C2ST,MMD,MEDDIST,NLTP,RT
"[1.0, -0.3308691680431366, -0.5643149018287659, -0.8273970484733582, -1.2069084644317627, -1.3018994331359863, -1.3585258722305298, -1.5003129243850708, -1.4881166219711304, -1.6716203689575195]","[1.0, 0.9983999729156494, 0.9983999729156494, 0.9979000091552734, 0.9955000281333923, 0.9944000244140625, 0.9934999942779541, 0.9904999732971191, 0.9919000267982483, 0.991100013256073]","[0.0, 12.968090057373047, 7.7920918464660645, 7.679876804351807, 6.504220485687256, 5.288714408874512, 5.730865001678467, 5.67861270904541, 5.242841720581055, 6.508642673492432]",0.7165,0.011550546,3.2792168,-0.6340553,7727.164
