acceptance rate,gt in support,iw var,C2ST,MMD,MEDDIST,NLTP,RT
"[1.0, -0.034845370799303055, -0.03616498038172722, -0.08433640748262405, -0.08544530719518661, -0.0796157643198967, -0.07535896450281143, -0.08118362724781036, -0.11407366394996643, -0.10402526706457138]","[1.0, 0.9991999864578247, 0.9994000196456909, 0.9991000294685364, 0.9991999864578247, 0.9997000098228455, 0.9997000098228455, 0.9995999932289124, 0.9997000098228455, 0.9997000098228455]","[0.0, 17.288427352905273, 15.696988105773926, 13.082444190979004, 10.89233112335205, 12.375937461853027, 10.594823837280273, 11.179798126220703, 12.936432838439941, 10.895452499389648]",0.5606,0.0038659573,1.4446784,5.3516855,477.19318
