acceptance rate,gt in support,iw var,C2ST,MMD,MEDDIST,NLTP,RT
"[1.0, -0.1451476365327835, -0.28709790110588074, -0.3494982123374939, -0.453580766916275, -0.4288737177848816, -0.3964226245880127, -0.44769689440727234, -0.42934033274650574, -0.4862498641014099]","[1.0, 0.9976999759674072, 0.9972000122070312, 0.9965999722480774, 0.996999979019165, 0.9983000159263611, 0.9984999895095825, 0.9976999759674072, 0.998199999332428, 0.9993000030517578]","[0.0, 8.625750541687012, 7.245084285736084, 7.18271017074585, 7.555820465087891, 7.867283821105957, 10.34807014465332, 8.835412979125977, 11.343732833862305, 11.816084861755371]",0.58195,0.010771751,1.6170907,-1.7118511,4427.2046
