acceptance rate,gt in support,iw var,C2ST,MMD,MEDDIST,NLTP,RT
"[1.0, -0.346112459897995, -0.5425723195075989, -0.7166987657546997, -0.8748441934585571, -0.9164974093437195, -0.9637704491615295, -1.1157711744308472, -1.161780834197998, -1.184422254562378]","[1.0, 0.9955999851226807, 0.9925000071525574, 0.9907000064849854, 0.9864000082015991, 0.9839000105857849, 0.9828000068664551, 0.983299970626831, 0.9814000129699707, 0.98089998960495]","[0.0, 8.918500900268555, 9.413769721984863, 8.125163078308105, 7.771971225738525, 7.789211273193359, 7.7403178215026855, 5.853940486907959, 6.216191291809082, 6.243624687194824]",0.7401,0.031257987,1.9465582,1.9085002,7079.8257
