acceptance rate,gt in support,iw var,C2ST,MMD,MEDDIST,NLTP,RT
"[1.0, -0.16373921930789948, -0.2638426423072815, -0.379759818315506, -0.41453927755355835, -0.5047332644462585, -0.5007254481315613, -0.5931193232536316, -0.7203330993652344, -0.7230788469314575]","[1.0, 0.9973000288009644, 0.9976000189781189, 0.998199999332428, 0.9983999729156494, 0.9987000226974487, 0.9991000294685364, 0.9987000226974487, 0.9980000257492065, 0.998199999332428]","[0.0, 17.790557861328125, 18.0563907623291, 15.5228910446167, 13.458783149719238, 13.410008430480957, 14.378889083862305, 15.727169036865234, 12.852099418640137, 12.616070747375488]",0.74155,0.0020917654,9.574862,2.838448,7200.6143
