acceptance rate,gt in support,iw var,C2ST,MMD,MEDDIST,NLTP,RT
"[1.0, -0.012557203881442547, -0.013496989384293556, -0.0220022052526474, -0.03273291140794754, -0.031797345727682114, -0.06323500722646713, -0.064744733273983, -0.10347378998994827, -0.3610118329524994]","[1.0, 0.9700999855995178, 0.9690999984741211, 0.9725000262260437, 0.9797999858856201, 0.9836999773979187, 0.9751999974250793, 0.9753999710083008, 0.9508000016212463, 0.7836999893188477]","[0.0, 115.70097351074219, 112.36372375488281, 110.2049789428711, 48.25082015991211, 40.533119201660156, 26.868154525756836, 29.07819366455078, 19.782438278198242, 8.556933403015137]",0.9585,0.13903749,20.628014,17.583584,143.77985
