acceptance rate,gt in support,iw var,C2ST,MMD,MEDDIST,NLTP,RT
"[1.0, -0.18655246496200562, -0.27278420329093933, -0.4025242030620575, -0.44189170002937317, -0.4740486443042755, -0.5138530135154724, -0.4754740595817566, -0.4647058844566345, -0.45481663942337036]","[1.0, 0.9986000061035156, 0.9987999796867371, 0.9990000128746033, 0.9988999962806702, 0.9991000294685364, 0.9987000226974487, 0.9994999766349792, 0.9994999766349792, 0.9995999932289124]","[0.0, 8.528879165649414, 7.401390552520752, 8.717573165893555, 8.262864112854004, 9.282757759094238, 8.198042869567871, 11.965409278869629, 11.97171401977539, 11.876633644104004]",0.58205,0.011387229,1.6343746,1.4124355,4287.373
