acceptance rate,gt in support,iw var,C2ST,MMD,MEDDIST,NLTP,RT
"[1.0, -0.75795578956604, -1.0757206678390503, -1.0931265354156494, -1.1290111541748047, -1.6345120668411255, -1.6126102209091187, -1.5934598445892334, -1.6197887659072876, -1.6595559120178223]","[1.0, 0.9749000072479248, 0.9836000204086304, 0.9886000156402588, 0.9897000193595886, 0.9902999997138977, 0.992900013923645, 0.9944999814033508, 0.993399977684021, 0.994700014591217]","[0.0, 9.836316108703613, 8.501996040344238, 7.620060920715332, 8.437793731689453, 10.199313163757324, 11.022815704345703, 9.782485008239746, 8.388888359069824, 8.780438423156738]",0.66395,0.086705446,10.438839,4.9858875,539.55615
