acceptance rate,gt in support,iw var,C2ST,MMD,MEDDIST,NLTP,RT
"[1.0, -0.7061956524848938, -1.1325324773788452, -1.2941362857818604, -1.3205721378326416, -1.5128616094589233, -1.5783960819244385, -1.6757175922393799, -1.6478174924850464, -1.6197887659072876]","[1.0, 0.9120000004768372, 0.9581999778747559, 0.9733999967575073, 0.9855999946594238, 0.9836000204086304, 0.98089998960495, 0.9815999865531921, 0.9897000193595886, 0.9926999807357788]","[0.0, 8.749953269958496, 8.064751625061035, 7.821737766265869, 10.241777420043945, 7.264890670776367, 7.506094455718994, 9.035179138183594, 10.454642295837402, 8.696937561035156]",0.6836,0.1015352,9.952236,6.274973,566.5182
