acceptance rate,gt in support,iw var,C2ST,MMD,MEDDIST,NLTP,RT
"[1.0, -0.6876111030578613, -1.3429441452026367, -1.3665316104888916, -1.5670307874679565, -1.987162709236145, -2.0043647289276123, -1.9546769857406616, -2.026872158050537, -2.0530567169189453]","[1.0, 0.9822999835014343, 0.9919999837875366, 0.9965999722480774, 0.9973000288009644, 0.9957000017166138, 0.9957000017166138, 0.9973000288009644, 0.9979000091552734, 0.996999979019165]","[0.0, 7.920475006103516, 8.239479064941406, 7.4932379722595215, 6.809758186340332, 8.762090682983398, 7.900615692138672, 8.029738426208496, 8.538921356201172, 9.774340629577637]",0.66165,0.07405281,10.910632,5.312581,557.293
