acceptance rate,gt in support,iw var,C2ST,MMD,MEDDIST,NLTP,RT
"[1.0, -0.14880284667015076, -0.12930354475975037, -0.8958544731140137, -0.6861327886581421, -1.2907299995422363, -1.3242217302322388, -1.4989407062530518, -1.4814860820770264, -1.4546929597854614]","[1.0, 0.9959999918937683, 0.9998999834060669, 0.9965000152587891, 0.9998000264167786, 0.9950000047683716, 0.995199978351593, 0.9925000071525574, 0.9951000213623047, 0.9940000176429749]","[0.0, 13.661090850830078, 15.409640312194824, 7.757194995880127, 5.71458625793457, 7.10275411605835, 7.543689727783203, 7.538608551025391, 7.203876495361328, 7.064937591552734]",0.85445,0.025328994,29.740925,5.649251,635.92206
