acceptance rate,gt in support,iw var,C2ST,MMD,MEDDIST,NLTP,RT
"[1.0, -0.08846954256296158, -0.2504182755947113, -0.5421181321144104, -0.9284862279891968, -1.0209071636199951, -0.8195873498916626, -0.8938090801239014, -0.8210230469703674, -0.7762445211410522]","[1.0, 0.9708999991416931, 0.9186000227928162, 0.9609000086784363, 0.8410000205039978, 0.8644999861717224, 0.9265000224113464, 0.916700005531311, 0.9361000061035156, 0.9424999952316284]","[0.0, 27.495492935180664, 15.245755195617676, 14.719315528869629, 11.440254211425781, 10.595563888549805, 9.868583679199219, 9.781996726989746, 10.567834854125977, 9.11386489868164]",0.7872,0.01559186,25.797268,4.2876368,558.5661
