acceptance rate,gt in support,iw var,C2ST,MMD,MEDDIST,NLTP,RT
"[1.0, -0.06823713332414627, -0.06788155436515808, -0.44009336829185486, -0.6226937770843506, -0.7389751672744751, -0.8164454698562622, -0.8671002388000488, -1.1045774221420288, -1.1301817893981934]","[1.0, 0.9075000286102295, 0.9484000205993652, 0.9136999845504761, 0.9185000061988831, 0.9401000142097473, 0.9415000081062317, 0.9387999773025513, 0.9409999847412109, 0.9519000053405762]","[0.0, 6.629998683929443, 7.215667247772217, 7.070220947265625, 8.932415008544922, 7.133566856384277, 8.02405071258545, 7.633852481842041, 9.548633575439453, 8.318941116333008]",0.85535,0.25877196,11.807143,8.410061,145.71127
