acceptance rate,gt in support,iw var,C2ST,MMD,MEDDIST,NLTP,RT
"[1.0, -0.018453216180205345, -0.020633762702345848, -0.08118362724781036, -0.5482136011123657, -0.5436339974403381, -0.7604503035545349, -0.7554755210876465, -0.7741740345954895, -0.8999742865562439]","[1.0, 0.9904000163078308, 0.991100013256073, 0.9779999852180481, 0.9337999820709229, 0.9588000178337097, 0.9550999999046326, 0.9668999910354614, 0.9599000215530396, 0.9620000123977661]","[0.0, 8.518060684204102, 8.895840644836426, 8.68250846862793, 8.012850761413574, 10.137587547302246, 8.957783699035645, 9.218764305114746, 9.068182945251465, 10.480499267578125]",0.8717,0.24580806,13.185331,14.335773,152.6577
