acceptance rate,gt in support,iw var,C2ST,MMD,MEDDIST,NLTP,RT
"[1.0, -0.007225634064525366, -0.008286740630865097, -0.012065742164850235, -0.012959735468029976, -0.014438813552260399, -0.013138729147613049, -0.014079801738262177, -0.038673847913742065, -0.029699625447392464]","[1.0, 0.9860000014305115, 0.982699990272522, 0.9904000163078308, 0.9908999800682068, 0.993399977684021, 0.9937000274658203, 0.9952999949455261, 0.9929999709129333, 0.9955000281333923]","[0.0, 172.92010498046875, 173.90940856933594, 97.26071166992188, 110.19706726074219, 111.47866821289062, 114.76355743408203, 114.31333923339844, 80.84004211425781, 73.40057373046875]",0.9823,0.10430145,17.80138,16.265877,125.42672
