acceptance rate,gt in support,iw var,C2ST,MMD,MEDDIST,NLTP,RT
"[1.0, -0.19463512301445007, -0.12563417851924896, -0.2176707535982132, -0.29507771134376526, -0.2290743887424469, -0.48174938559532166, -0.4138629734516144, -0.3920091390609741, -0.4053865075111389]","[1.0, 0.5942999720573425, 0.8077999949455261, 0.7060999870300293, 0.6255999803543091, 0.6949999928474426, 0.5788000226020813, 0.6399000287055969, 0.6055999994277954, 0.590499997138977]","[0.0, 12.065445899963379, 12.5031099319458, 8.643203735351562, 7.588276386260986, 9.788446426391602, 6.852031707763672, 6.717045783996582, 9.322864532470703, 9.209506034851074]",0.9607,0.16244054,22.5438,17.69662,144.53493
