acceptance rate,gt in support,iw var,C2ST,MMD,MEDDIST,NLTP,RT
"[1.0, -0.10100074857473373, -0.2057211548089981, -0.3341377079486847, -0.28449806571006775, -0.2961929440498352, -0.3077701926231384, -0.3121144771575928, -0.2953348457813263, -0.30971530079841614]","[1.0, 0.9998999834060669, 0.9998000264167786, 0.9994000196456909, 0.9997000098228455, 0.9998000264167786, 0.9994999766349792, 0.9994999766349792, 0.9995999932289124, 0.9995999932289124]","[0.0, 9.278489112854004, 8.429450988769531, 9.184469223022461, 8.801751136779785, 13.042742729187012, 11.710319519042969, 11.247397422790527, 12.579278945922852, 13.982336044311523]",0.58115,0.012370825,1.5717559,-2.1151342,3078.0212
