acceptance rate,gt in support,iw var,C2ST,MMD,MEDDIST,NLTP,RT
"[1.0, -1.7495800256729126, -2.1163384914398193, -2.1674911975860596, -2.1278436183929443, -2.2441251277923584, -2.2881927490234375, -2.2182445526123047, -2.142667531967163, -2.251811981201172]","[1.0, 0.998199999332428, 0.9983999729156494, 0.9990000128746033, 0.9990000128746033, 0.9991000294685364, 0.9994999766349792, 0.9997000098228455, 0.9997000098228455, 0.9997000098228455]","[0.0, 9.900492668151855, 10.08337116241455, 8.404858589172363, 7.776081562042236, 11.306395530700684, 11.142232894897461, 9.366530418395996, 10.708717346191406, 15.664363861083984]",0.53575,0.0032064915,10.656104,4.166462,5872.5127
