acceptance rate,gt in support,iw var,C2ST,MMD,MEDDIST,NLTP,RT
"[1.0, -0.01251249574124813, -0.1972946971654892, -0.18822398781776428, -0.7128703594207764, -0.9492337107658386, -0.8620132803916931, -1.2269452810287476, -1.2175273895263672, -1.381951928138733]","[1.0, 0.9939000010490417, 0.9434000253677368, 0.9564999938011169, 0.8934000134468079, 0.8816999793052673, 0.8970999717712402, 0.8960000276565552, 0.9283999800682068, 0.9273999929428101]","[0.0, 8.087409973144531, 7.931446552276611, 7.098147392272949, 5.9060750007629395, 6.894670009613037, 8.05892276763916, 7.156370639801025, 6.996395111083984, 6.431485652923584]",0.8318,0.19427717,12.208193,16.538525,153.35004
