acceptance rate,gt in support,iw var,C2ST,MMD,MEDDIST,NLTP,RT
"[1.0, -0.0045403121039271355, -0.12586623430252075, -0.1325325220823288, -0.5218666195869446, -0.5404567122459412, -0.8664610981941223, -0.9681877493858337, -0.9270152449607849, -1.0472075939178467]","[1.0, 0.9994999766349792, 0.984499990940094, 0.9901999831199646, 0.97079998254776, 0.9729999899864197, 0.9585000276565552, 0.9653000235557556, 0.97079998254776, 0.9797999858856201]","[0.0, 9.334186553955078, 8.088258743286133, 7.001733303070068, 8.134499549865723, 9.22254753112793, 7.483992099761963, 9.696331977844238, 8.607961654663086, 9.598539352416992]",0.8406,0.21003294,11.74898,9.005604,151.30855
