acceptance rate,gt in support,iw var,C2ST,MMD,MEDDIST,NLTP,RT
"[1.0, -1.6655462980270386, -2.060480833053589, -2.1337127685546875, -2.36317777633667, -2.28399658203125, -2.3665316104888916, -2.187086582183838, -2.225482940673828, -2.3127684593200684]","[1.0, 0.9998999834060669, 0.9995999932289124, 0.9994999766349792, 0.9995999932289124, 0.9997000098228455, 0.9997000098228455, 0.9997000098228455, 0.9997000098228455, 0.9997000098228455]","[0.0, 6.478579044342041, 5.728072643280029, 6.422650337219238, 7.191306114196777, 8.619369506835938, 6.7456889152526855, 8.349597930908203, 7.875047206878662, 7.552111625671387]",0.53815,0.0022438765,15.087078,-2.2376509,3762.3625
