acceptance rate,gt in support,iw var,C2ST,MMD,MEDDIST,NLTP,RT
"[1.0, -0.032967131584882736, -0.03254563361406326, -0.16342273354530334, -0.14697138965129852, -0.1912490576505661, -0.21169018745422363, -0.2468767613172531, -0.26201269030570984, -0.28945958614349365]","[1.0, 0.992900013923645, 0.9940000176429749, 0.9940000176429749, 0.9976000189781189, 0.9951000213623047, 0.9983999729156494, 0.9976999759674072, 0.9973999857902527, 0.9973999857902527]","[0.0, 15.626134872436523, 14.627474784851074, 9.401745796203613, 9.768126487731934, 7.89997673034668, 8.648750305175781, 8.213277816772461, 6.561574935913086, 9.292266845703125]",0.6013,0.0051813126,1.571964,1.556303,479.83932
