acceptance rate,gt in support,iw var,C2ST,MMD,MEDDIST,NLTP,RT
"[1.0, -0.0048037245869636536, -0.003619689494371414, -0.003575917799025774, -0.005287032574415207, -0.003050764324143529, -0.004233221057802439, -0.005506879184395075, -0.004628107417374849, -0.011396459303796291]","[1.0, 0.9998000264167786, 0.9998999834060669, 0.9998999834060669, 1.0, 1.0, 1.0, 1.0, 1.0, 1.0]","[0.0, 52.33220291137695, 56.333717346191406, 61.95635223388672, 72.11614990234375, 68.86996459960938, 68.2313461303711, 50.4704475402832, 46.12993621826172, 23.219236373901367]",0.7215,0.038701296,1.5448346,0.6658907,137.57726
