acceptance rate,gt in support,iw var,C2ST,MMD,MEDDIST,NLTP,RT
"[1.0, -0.007755863480269909, -0.01727662794291973, -0.014483720995485783, -0.02951364777982235, -0.01940586231648922, -0.02470608428120613, -0.02291688323020935, -0.035929031670093536, -0.04890545830130577]","[1.0, 0.9998999834060669, 0.9998999834060669, 0.9998999834060669, 0.9998999834060669, 0.9998999834060669, 0.9998999834060669, 0.9998999834060669, 0.9998999834060669, 0.9998000264167786]","[0.0, 41.679500579833984, 27.949533462524414, 31.082311630249023, 20.11386489868164, 22.784408569335938, 23.708120346069336, 24.824811935424805, 21.444883346557617, 23.1065731048584]",0.5338,0.0022505522,1.3598819,-0.13881683,484.0684
