acceptance rate,gt in support,iw var,C2ST,MMD,MEDDIST,NLTP,RT
"[1.0, -0.01745743677020073, -0.018725180998444557, -0.06966238468885422, -0.08634506165981293, -0.22665245831012726, -0.23433144390583038, -0.42273807525634766, -0.42992427945137024, -0.6753060817718506]","[1.0, 0.9983999729156494, 0.9986000061035156, 0.9998000264167786, 0.9998000264167786, 0.9998999834060669, 0.9998999834060669, 0.9998000264167786, 0.9998999834060669, 0.9998999834060669]","[0.0, 9.378597259521484, 9.763223648071289, 9.771797180175781, 9.682682037353516, 8.31198787689209, 9.032702445983887, 8.246292114257812, 8.701082229614258, 7.9194488525390625]",0.7862,0.08720887,15.378947,2.5042582,146.42253
