acceptance rate,gt in support,iw var,C2ST,MMD,MEDDIST,NLTP,RT
"[1.0, -0.008242469280958176, -0.008552409708499908, -0.13471832871437073, -0.17386040091514587, -0.21481259167194366, -0.19832196831703186, -0.20537255704402924, -0.22606737911701202, -0.2551595866680145]","[1.0, 0.9980999827384949, 0.9991999864578247, 0.9970999956130981, 0.9980999827384949, 0.9987999796867371, 0.9998000264167786, 0.9998000264167786, 0.9995999932289124, 0.9997000098228455]","[0.0, 218.9193878173828, 187.79425048828125, 22.642343521118164, 29.249290466308594, 22.40131378173828, 27.53692626953125, 26.986867904663086, 27.895048141479492, 25.241188049316406]",0.87055,0.04295075,11.40259,3.8825946,582.18726
