acceptance rate,gt in support,iw var,C2ST,MMD,MEDDIST,NLTP,RT
"[1.0, -0.011129045858979225, -0.06083031743764877, -0.6062493920326233, -0.6472387909889221, -0.5752816796302795, -0.8645492792129517, -0.8569852113723755, -0.8745187520980835, -0.8161609768867493]","[1.0, 0.9891999959945679, 0.9254000186920166, 0.6679999828338623, 0.8410999774932861, 0.9225999712944031, 0.886900007724762, 0.9182000160217285, 0.9365000128746033, 0.9304999709129333]","[0.0, 10.409664154052734, 8.683056831359863, 8.246212005615234, 9.436164855957031, 7.706606864929199, 8.232531547546387, 9.339203834533691, 9.112297058105469, 9.019221305847168]",0.92095,0.42284495,13.043188,17.575829,150.13441
