acceptance rate,gt in support,iw var,C2ST,MMD,MEDDIST,NLTP,RT
"[1.0, -0.20273247361183167, -0.15125684440135956, -0.727230429649353, -0.7664962410926819, -1.2588484287261963, -1.1668529510498047, -1.1209040880203247, -1.1272611618041992, -1.1636759042739868]","[1.0, 0.8777999877929688, 0.9682000279426575, 0.9789999723434448, 0.9984999895095825, 0.9961000084877014, 0.9970999956130981, 0.9987999796867371, 0.9987999796867371, 0.9984999895095825]","[0.0, 13.646961212158203, 11.728379249572754, 7.969746112823486, 7.968165397644043, 8.859622955322266, 7.886914253234863, 8.906500816345215, 9.4535551071167, 10.213656425476074]",0.82395,0.021131754,24.434925,-0.2779333,586.45514
