acceptance rate,gt in support,iw var,C2ST,MMD,MEDDIST,NLTP,RT
"[1.0, -0.0023952205665409565, -0.0036634919233620167, -0.0025699373800307512, -0.002264235867187381, -0.015742801129817963, -0.02392527461051941, -0.014888042584061623, -0.020588241517543793, -0.018861226737499237]","[1.0, 0.9998999834060669, 0.9994999766349792, 0.9998000264167786, 0.9998000264167786, 0.9994000196456909, 0.9994000196456909, 0.9998000264167786, 0.9997000098228455, 0.9997000098228455]","[0.0, 81.6695327758789, 79.01101684570312, 81.61933898925781, 83.36398315429688, 24.109846115112305, 23.022716522216797, 22.055849075317383, 22.600746154785156, 19.883563995361328]",0.6993,0.025140882,1.5593994,5.631278,139.52657
