acceptance rate,gt in support,iw var,C2ST,MMD,MEDDIST,NLTP,RT
"[1.0, -0.015022891573607922, -0.08349341154098511, -0.12447576224803925, -0.1884920299053192, -0.2569608688354492, -0.20384211838245392, -0.2634441554546356, -0.3116692006587982, -0.3193019926548004]","[1.0, 0.9922999739646912, 0.9943000078201294, 0.9933000206947327, 0.9939000010490417, 0.9930999875068665, 0.9966999888420105, 0.9952999949455261, 0.9944999814033508, 0.9961000084877014]","[0.0, 22.080371856689453, 7.807387828826904, 7.9874138832092285, 6.817184925079346, 7.292784214019775, 7.381371021270752, 7.733559608459473, 7.367547512054443, 8.382548332214355]",0.61285,0.0032896996,1.5308788,-2.1575394,479.02814
